LoginTime,LogoffTime,UserName,DomainName,IP,备注
-,"Mar 7, 2022 @ 16:47:08.813",Renee.Pan,VERSACE,-,
-,"Mar 7, 2022 @ 21:05:25.363",Steven.Wangye,VERSACE,-,
-,"Mar 7, 2022 @ 22:42:14.590",Stella.Liu,VERSACE,-,
-,"Mar 8, 2022 @ 00:12:42.866",kate.wang,VERSACE,-,
-,"Mar 8, 2022 @ 01:31:50.367",Yui.Chen,VERSACE,-,
-,"Mar 8, 2022 @ 01:49:22.486",Shannon.Wu,VERSACE,-,
-,"Mar 8, 2022 @ 02:06:33.626",rebecca.jiang,VERSACE,-,
-,"Mar 8, 2022 @ 02:18:06.366",ginny.cheng,VERSACE,-,
-,"Mar 8, 2022 @ 03:21:15.973",Philip.Yang,VERSACE,-,
-,"Mar 8, 2022 @ 04:15:09.094",Luna.Sun,VERSACE,-,
-,"Mar 8, 2022 @ 07:32:02.604",Jasmine.Zhang,VERSACE,-,
-,"Mar 8, 2022 @ 13:30:59.235",Effy.Yin,VERSACE,-,
-,"Mar 8, 2022 @ 15:39:12.119",adm_admt,VERSACE,-,
-,"Mar 8, 2022 @ 20:32:41.572",Alfred.Gao,VERSACE,-,
-,"Mar 9, 2022 @ 11:06:51.935",Vickie.Li,VERSACE,-,
"Mar 8, 2022 @ 00:00:02.493","Mar 8, 2022 @ 08:09:33.262",bin.zeng,VERSACE,10.86.9.130,
"Mar 8, 2022 @ 00:07:38.226","Mar 8, 2022 @ 00:21:38.387",Karen.Zhang,VERSACE,10.86.3.228,
"Mar 8, 2022 @ 00:11:31.090","Mar 8, 2022 @ 00:32:22.811",Stella.Liu,VERSACE,10.86.3.223,
"Mar 8, 2022 @ 00:22:35.374","Mar 8, 2022 @ 01:32:12.066",Karen.Zhang,VERSACE,10.86.3.228,
"Mar 8, 2022 @ 00:38:15.623","Mar 8, 2022 @ 00:42:35.895",kate.wang,VERSACE,10.86.9.129,
"Mar 8, 2022 @ 00:41:24.291","Mar 8, 2022 @ 00:57:08.019",Jenny.Lai,VERSACE,10.86.9.121,
"Mar 8, 2022 @ 00:46:43.515","Mar 8, 2022 @ 08:49:37.647",jiajie.wu,VERSACE,10.86.3.179,同一用户的标蓝记录存在登录注销时间重合，无法确认对应关系
"Mar 8, 2022 @ 00:48:55.835","Mar 8, 2022 @ 15:49:08.298",leo.liu,VERSACE,10.86.1.180,
"Mar 8, 2022 @ 01:04:59.204","Mar 8, 2022 @ 01:42:53.402",Jenny.Lai,VERSACE,10.86.9.121,
"Mar 8, 2022 @ 01:07:44.206","Mar 8, 2022 @ 01:32:35.888",pamela.qin,VERSACE,10.86.3.101,
"Mar 8, 2022 @ 01:12:05.352","Mar 8, 2022 @ 01:12:26.771",PC014821501457$,VERSACE,10.86.3.212,
"Mar 8, 2022 @ 01:15:08.403","Mar 8, 2022 @ 03:56:05.810",Stella.Liu,VERSACE,10.86.3.223,同一用户的标蓝记录存在登录注销时间重合，无法确认对应关系
"Mar 8, 2022 @ 01:16:41.848","Mar 8, 2022 @ 06:04:39.029",jenny.chen,VERSACE,10.86.3.203,
"Mar 8, 2022 @ 01:17:50.161","Mar 8, 2022 @ 02:40:42.545",kate.wang,VERSACE,10.86.9.129,
"Mar 8, 2022 @ 01:18:00.785","Mar 8, 2022 @ 01:56:13.028",amanda.su,VERSACE,10.86.3.229,
"Mar 8, 2022 @ 01:20:31.419","Mar 8, 2022 @ 11:03:33.467",Ryan.Su,VERSACE,10.86.3.214,
"Mar 8, 2022 @ 01:20:38.938","Mar 8, 2022 @ 01:25:09.865",Susan.Ni,VERSACE,10.86.3.104,
"Mar 8, 2022 @ 01:21:44.100","Mar 8, 2022 @ 07:50:59.992",raymond.zhao,VERSACE,10.86.3.111,
"Mar 8, 2022 @ 01:21:52.742","Mar 8, 2022 @ 10:27:57.049",Winters.Shen,VERSACE,10.86.3.82,
"Mar 8, 2022 @ 01:21:53.179","Mar 8, 2022 @ 06:06:08.699",finance.intern,VERSACE,10.86.3.135,
"Mar 8, 2022 @ 01:22:05.737","Mar 8, 2022 @ 01:37:38.358",Lily.Ren,VERSACE,10.86.3.123,
"Mar 8, 2022 @ 01:22:47.561","Mar 8, 2022 @ 01:23:30.321",mk.vpnuser1,VERSACE,10.86.1.184,
"Mar 8, 2022 @ 01:23:20.228","Mar 9, 2022 @ 10:48:31.082",charles.huang,VERSACE,10.86.3.182,
"Mar 8, 2022 @ 01:23:30.321","Mar 8, 2022 @ 05:15:52.669",mk.vpnuser1,VERSACE,10.86.1.184,同一用户的标蓝记录存在登录注销时间重合，无法确认对应关系
"Mar 8, 2022 @ 01:24:23.970","Mar 8, 2022 @ 01:42:08.396",Steven.Wangye,VERSACE,10.86.3.84,
"Mar 8, 2022 @ 01:24:41.582","Mar 8, 2022 @ 01:24:52.284",PC014821501457$,VERSACE,10.86.3.212,
"Mar 8, 2022 @ 01:25:21.347","Mar 8, 2022 @ 01:45:53.427",Susan.Ni,VERSACE,10.86.3.104,
"Mar 8, 2022 @ 01:26:18.194","Mar 8, 2022 @ 03:43:36.225",Silvia.Chang,VERSACE,10.86.3.140,
"Mar 8, 2022 @ 01:27:27.443","Mar 8, 2022 @ 01:48:03.191",Frances.Cao,VERSACE,10.86.3.128,
"Mar 8, 2022 @ 01:29:13.492","Mar 8, 2022 @ 01:45:57.359",Iris.zhang,VERSACE,10.86.3.211,
"Mar 8, 2022 @ 01:29:32.680","Mar 8, 2022 @ 05:45:22.469",Terence.Zou,VERSACE,10.86.3.110,
"Mar 8, 2022 @ 01:30:07.671","Mar 9, 2022 @ 03:03:56.635",yasmine.feng,VERSACE,10.86.3.167,
"Mar 8, 2022 @ 01:33:09.319","Mar 8, 2022 @ 01:55:32.216",pamela.qin,VERSACE,10.86.3.101,
"Mar 8, 2022 @ 01:34:31.734","Mar 8, 2022 @ 03:54:18.793",Sherry.Xie,VERSACE,10.86.3.146,
"Mar 8, 2022 @ 01:35:22.450","Mar 8, 2022 @ 04:01:05.924",victo.chang,VERSACE,10.86.3.28,
"Mar 8, 2022 @ 01:35:52.496","Mar 8, 2022 @ 03:03:18.318",Kyna.Li,VERSACE,10.86.3.32,
"Mar 8, 2022 @ 01:40:06.575","Mar 8, 2022 @ 16:59:41.948",christina.pang,VERSACE,10.86.3.66,
"Mar 8, 2022 @ 01:41:00.676","Mar 8, 2022 @ 02:31:20.723",heather.zhou,VERSACE,10.86.3.206,
"Mar 8, 2022 @ 01:41:33.935","Mar 8, 2022 @ 02:32:05.230",jun.ip,VERSACE,10.86.3.78,
"Mar 8, 2022 @ 01:47:39.100","Mar 8, 2022 @ 01:47:49.819",wendy.chenwenting,VERSACE,10.86.3.30,
"Mar 8, 2022 @ 01:48:30.715","Mar 8, 2022 @ 02:12:46.876",Yui.Chen,VERSACE,10.86.3.166,
"Mar 8, 2022 @ 01:50:58.616","Mar 8, 2022 @ 01:51:14.656",wendy.chenwenting,VERSACE,10.86.3.30,
"Mar 8, 2022 @ 01:55:15.054","Mar 8, 2022 @ 02:03:18.374",Shannon.Wu,VERSACE,10.86.3.218,
"Mar 8, 2022 @ 01:56:41.453","Mar 8, 2022 @ 12:29:37.144",Steven.Wangye,VERSACE,10.86.3.84,
"Mar 8, 2022 @ 01:57:13.590","Mar 8, 2022 @ 05:53:48.958",brian.yuan,VERSACE,10.86.3.164,
"Mar 8, 2022 @ 02:00:11.404","Mar 8, 2022 @ 06:04:40.761",Iris.zhang,VERSACE,10.86.3.211,
"Mar 8, 2022 @ 02:03:51.665","Mar 8, 2022 @ 02:04:07.717",wendy.chenwenting,VERSACE,10.86.3.30,
"Mar 8, 2022 @ 02:04:40.072","Mar 8, 2022 @ 06:26:36.597",Shannon.Wu,VERSACE,10.86.3.218,
"Mar 8, 2022 @ 02:05:18.215","Mar 8, 2022 @ 04:21:25.493",carine.shen,VERSACE,10.86.3.119,
"Mar 8, 2022 @ 02:06:54.718","Mar 8, 2022 @ 10:50:37.721",peter.pan,VERSACE,10.86.3.220,
"Mar 8, 2022 @ 02:08:47.289","Mar 8, 2022 @ 02:11:08.143",rebecca.jiang,VERSACE,10.86.3.42,
"Mar 8, 2022 @ 02:10:28.362","Mar 8, 2022 @ 02:10:45.725",wendy.chenwenting,VERSACE,10.86.3.30,
"Mar 8, 2022 @ 02:12:40.012","Mar 8, 2022 @ 02:12:50.776",PF2XVQQ2$,VERSACE,10.86.3.176,
"Mar 8, 2022 @ 02:15:21.598","Mar 8, 2022 @ 02:15:42.954",wendy.chenwenting,VERSACE,10.86.3.30,
"Mar 8, 2022 @ 02:15:59.365","Mar 8, 2022 @ 03:20:12.013",tina.wang,VERSACE,10.86.3.145,
"Mar 8, 2022 @ 02:17:06.446","Mar 8, 2022 @ 05:55:12.512",Susan.Ni,VERSACE,10.86.3.104,
"Mar 8, 2022 @ 02:22:02.505","Mar 8, 2022 @ 02:22:23.924",wendy.chenwenting,VERSACE,10.86.3.30,
"Mar 8, 2022 @ 02:23:49.880","Mar 8, 2022 @ 10:27:19.937",Gary.Chen,VERSACE,10.86.3.88,
"Mar 8, 2022 @ 02:24:32.531","Mar 8, 2022 @ 02:24:48.599",wendy.chenwenting,VERSACE,10.86.3.30,
"Mar 8, 2022 @ 02:24:38.927","Mar 9, 2022 @ 10:15:42.303",mika.zhang,VERSACE,10.86.3.83,
"Mar 8, 2022 @ 02:26:09.220","Mar 8, 2022 @ 02:30:48.634",wendy.chenwenting,VERSACE,10.86.3.30,
"Mar 8, 2022 @ 02:26:26.957","Mar 8, 2022 @ 05:50:51.787",pamela.qin,VERSACE,10.86.3.101,
"Mar 8, 2022 @ 02:27:43.008","Mar 8, 2022 @ 02:27:54.100",PC19YZXZ$,VERSACE,10.86.3.104,
"Mar 8, 2022 @ 02:31:27.634","Mar 8, 2022 @ 02:31:43.577",wendy.chenwenting,VERSACE,10.86.3.30,
"Mar 8, 2022 @ 02:34:28.392","Mar 8, 2022 @ 02:34:44.445",wendy.chenwenting,VERSACE,10.86.3.30,
"Mar 8, 2022 @ 02:34:28.501","Mar 8, 2022 @ 08:18:39.702",fin.outsourcing,VERSACE,10.86.1.182,
"Mar 8, 2022 @ 02:36:16.938","Mar 8, 2022 @ 02:37:02.662",wendy.chenwenting,VERSACE,10.86.3.30,
"Mar 8, 2022 @ 02:37:19.104","Mar 8, 2022 @ 02:37:29.884",wendy.chenwenting,VERSACE,10.86.3.30,
"Mar 8, 2022 @ 02:40:25.634","Mar 8, 2022 @ 07:59:21.052",anson.lau,VERSACE,192.168.0.164,
"Mar 8, 2022 @ 02:41:20.562","Mar 8, 2022 @ 02:47:53.264",wendy.chenwenting,VERSACE,10.86.3.30,
"Mar 8, 2022 @ 02:48:08.630","Mar 8, 2022 @ 05:03:28.809",Karen.Zhang,VERSACE,10.86.3.228,
"Mar 8, 2022 @ 02:48:56.475","Mar 8, 2022 @ 03:15:51.335",rebecca.jiang,VERSACE,10.86.3.175,
"Mar 8, 2022 @ 02:49:08.472","Mar 8, 2022 @ 05:16:58.267",mk.vpnuser1,VERSACE,10.86.1.185,同一用户的标蓝记录存在登录注销时间重合，无法确认对应关系
"Mar 8, 2022 @ 02:50:43.898","Mar 8, 2022 @ 03:06:09.202",Jenny.Lai,VERSACE,10.86.9.121,
"Mar 8, 2022 @ 02:51:58.372","Mar 8, 2022 @ 06:53:56.893",wendy.chenwenting,VERSACE,10.86.3.30,
"Mar 8, 2022 @ 02:52:31.538","Mar 8, 2022 @ 05:43:22.192",kate.wang,VERSACE,10.86.9.129,
"Mar 8, 2022 @ 02:52:34.830","Mar 8, 2022 @ 12:14:15.974",Lydia.Hou,VERSACE,10.86.9.111,
"Mar 8, 2022 @ 02:52:51.054","Mar 8, 2022 @ 05:29:54.388",amanda.su,VERSACE,10.86.3.229,
"Mar 8, 2022 @ 02:55:09.053","Mar 8, 2022 @ 04:12:32.360",Frances.Cao,VERSACE,10.86.3.128,
"Mar 8, 2022 @ 02:55:18.881","Mar 8, 2022 @ 11:28:15.489",char.lu,VERSACE,10.86.3.210,
"Mar 8, 2022 @ 02:55:27.336","Mar 8, 2022 @ 02:55:48.958",PC1PQRP2$,VERSACE,10.86.3.83,
"Mar 8, 2022 @ 02:55:45.104","Mar 8, 2022 @ 05:15:53.028",Lily.Ren,VERSACE,10.86.3.123,
"Mar 8, 2022 @ 03:02:13.890","Mar 9, 2022 @ 05:47:13.180",Yui.Chen,VERSACE,10.86.3.166,
"Mar 8, 2022 @ 03:03:27.491","Mar 8, 2022 @ 03:55:19.321",Karena.Li,VERSACE,10.86.3.158,
"Mar 8, 2022 @ 03:03:32.593","Mar 8, 2022 @ 05:08:54.274",Kyna.Li,VERSACE,10.86.3.32,
"Mar 8, 2022 @ 03:06:12.166","Mar 8, 2022 @ 04:06:50.016",heather.zhou,VERSACE,10.86.3.206,
"Mar 8, 2022 @ 03:06:20.387","Mar 8, 2022 @ 03:21:54.334",PC1CSJ0G$,VERSACE,10.86.9.130,
"Mar 8, 2022 @ 03:06:45.425","Mar 8, 2022 @ 05:02:42.555",Eleanor.Fan,VERSACE,10.86.3.92,
"Mar 8, 2022 @ 03:10:34.700","Mar 8, 2022 @ 03:56:32.283",ginny.cheng,VERSACE,10.86.3.178,
"Mar 8, 2022 @ 03:14:18.093","Mar 8, 2022 @ 03:14:44.270",Gloria.Yang,VERSACE,10.86.3.126,
"Mar 8, 2022 @ 03:21:15.973","Mar 8, 2022 @ 03:45:20.153",Philip.Yang,VERSACE,10.86.3.224,
"Mar 8, 2022 @ 03:21:52.852","Mar 8, 2022 @ 05:16:07.427",tina.wang,VERSACE,10.86.3.145,
"Mar 8, 2022 @ 03:22:02.914","Mar 8, 2022 @ 03:22:35.003",Gloria.Yang,VERSACE,10.86.3.126,
"Mar 8, 2022 @ 03:30:01.322","Mar 8, 2022 @ 03:30:22.570",Gloria.Yang,VERSACE,10.86.3.126,
"Mar 8, 2022 @ 03:33:55.433","Mar 8, 2022 @ 03:34:22.218",Gloria.Yang,VERSACE,10.86.3.126,
"Mar 8, 2022 @ 03:37:26.378","Mar 8, 2022 @ 03:37:51.353",Gloria.Yang,VERSACE,10.86.3.126,
"Mar 8, 2022 @ 03:38:48.247","Mar 8, 2022 @ 03:54:09.604",Cindy.Liang,VERSACE,10.86.3.120,
"Mar 8, 2022 @ 03:39:58.167","Mar 8, 2022 @ 03:40:21.426",Gloria.Yang,VERSACE,10.86.3.126,
"Mar 8, 2022 @ 03:40:38.696","Mar 8, 2022 @ 07:15:07.303",milk.chan,VERSACE,192.168.0.166,
"Mar 8, 2022 @ 03:43:33.089","Mar 8, 2022 @ 03:43:54.414",Gloria.Yang,VERSACE,10.86.3.126,
"Mar 8, 2022 @ 03:49:25.012","Mar 8, 2022 @ 03:49:46.228",Gloria.Yang,VERSACE,10.86.3.126,
"Mar 8, 2022 @ 03:54:23.192","Mar 8, 2022 @ 04:09:54.736",Cindy.Liang,VERSACE,10.86.3.120,
"Mar 8, 2022 @ 03:55:44.469","Mar 8, 2022 @ 04:11:24.749",Stella.Liu,VERSACE,10.86.3.20,同一用户的标蓝记录存在登录注销时间重合，无法确认对应关系
"Mar 8, 2022 @ 04:05:50.189","Mar 8, 2022 @ 08:09:33.262",PC1CSJ0G$,VERSACE,10.86.9.130,
"Mar 8, 2022 @ 04:06:26.584","Mar 8, 2022 @ 04:56:24.034",rebecca.jiang,VERSACE,10.86.3.175,
"Mar 8, 2022 @ 04:11:14.718","Mar 8, 2022 @ 04:33:09.931",Cindy.Liang,VERSACE,10.86.3.120,
"Mar 8, 2022 @ 04:14:19.018","Mar 8, 2022 @ 05:06:55.526",doreen.liu,VERSACE,10.86.3.86,
"Mar 8, 2022 @ 04:22:33.681","Mar 8, 2022 @ 04:37:24.088",carine.shen,VERSACE,10.86.3.119,
"Mar 8, 2022 @ 04:29:07.303","Mar 8, 2022 @ 05:33:27.407",Silvia.Chang,VERSACE,10.86.3.140,
"Mar 8, 2022 @ 04:32:16.922","Mar 8, 2022 @ 04:32:59.604",Gloria.Yang,VERSACE,10.86.3.126,
"Mar 8, 2022 @ 04:35:00.630","Mar 8, 2022 @ 04:35:23.499",Gloria.Yang,VERSACE,10.86.3.126,
"Mar 8, 2022 @ 04:36:28.723","Mar 8, 2022 @ 07:59:29.975",haylie.ng,VERSACE,192.168.0.167,
"Mar 8, 2022 @ 04:40:31.586","Mar 8, 2022 @ 04:40:58.309",Gloria.Yang,VERSACE,10.86.3.126,
"Mar 8, 2022 @ 04:40:36.079","Mar 8, 2022 @ 06:25:26.479",carine.shen,VERSACE,10.86.3.119,
"Mar 8, 2022 @ 04:41:44.298","Mar 8, 2022 @ 06:24:06.368",Philip.Yang,VERSACE,10.86.3.176,
"Mar 8, 2022 @ 04:45:37.036","Mar 8, 2022 @ 04:46:03.650",Gloria.Yang,VERSACE,10.86.3.126,
"Mar 8, 2022 @ 04:45:39.282","Mar 8, 2022 @ 05:00:55.180",Stella.Liu,VERSACE,10.86.3.20,
"Mar 8, 2022 @ 04:46:11.886","Mar 8, 2022 @ 05:05:20.225",heather.zhou,VERSACE,10.86.3.206,
"Mar 8, 2022 @ 04:46:23.072","Mar 8, 2022 @ 05:15:55.305",victo.chang,VERSACE,10.86.3.165,
"Mar 8, 2022 @ 04:47:58.373","Mar 8, 2022 @ 04:48:17.810",Gloria.Yang,VERSACE,10.86.3.126,
"Mar 8, 2022 @ 04:49:20.944","Mar 8, 2022 @ 04:49:47.885",Amy.Tang,VERSACE,10.86.3.16,
"Mar 8, 2022 @ 04:49:56.481","Mar 8, 2022 @ 04:50:34.015",Gloria.Yang,VERSACE,10.86.3.126,
"Mar 8, 2022 @ 04:55:10.308","Mar 8, 2022 @ 05:30:04.965",ginny.cheng,VERSACE,10.86.3.178,
"Mar 8, 2022 @ 04:55:30.838","Mar 8, 2022 @ 04:55:57.639",Gloria.Yang,VERSACE,10.86.3.126,
"Mar 8, 2022 @ 04:56:14.549","Mar 8, 2022 @ 05:58:27.466",Karena.Li,VERSACE,10.86.3.158,
"Mar 8, 2022 @ 04:57:42.612","Mar 8, 2022 @ 04:58:27.868",Gloria.Yang,VERSACE,10.86.3.126,
"Mar 8, 2022 @ 05:07:00.534","Mar 8, 2022 @ 11:24:40.567",Dannie.Hu,VERSACE,10.86.3.139,
"Mar 8, 2022 @ 05:29:23.796","Mar 8, 2022 @ 09:15:51.812",Stella.Liu,VERSACE,10.86.3.223,同一用户的标蓝记录存在登录注销时间重合，无法确认对应关系
"Mar 8, 2022 @ 05:44:32.268","Mar 8, 2022 @ 05:44:57.571",Amy.Tang,VERSACE,10.86.3.16,
"Mar 8, 2022 @ 06:02:10.095","Mar 8, 2022 @ 06:27:11.063",Kyna.Li,VERSACE,10.86.3.32,
"Mar 8, 2022 @ 06:03:48.235","Mar 8, 2022 @ 06:18:08.768",kate.wang,VERSACE,10.86.9.129,
"Mar 8, 2022 @ 06:05:25.830","Mar 8, 2022 @ 09:00:26.492",victo.chang,VERSACE,10.86.3.165,
"Mar 8, 2022 @ 06:08:56.057","Mar 8, 2022 @ 06:11:16.395",tina.wang,VERSACE,10.86.3.145,
"Mar 8, 2022 @ 06:17:42.482","Mar 8, 2022 @ 07:31:20.500",rebecca.jiang,VERSACE,10.86.3.175,
"Mar 8, 2022 @ 06:22:26.311","Mar 8, 2022 @ 07:47:52.151",Frances.Cao,VERSACE,10.86.3.128,
"Mar 8, 2022 @ 06:22:41.122","Mar 8, 2022 @ 06:52:40.687",Karen.Zhang,VERSACE,10.86.3.228,
"Mar 8, 2022 @ 06:25:03.200","Mar 8, 2022 @ 06:45:11.262",Terence.Zou,VERSACE,10.86.3.110,
"Mar 8, 2022 @ 06:32:58.699","Mar 8, 2022 @ 07:34:31.133",doreen.liu,VERSACE,10.86.3.86,
"Mar 8, 2022 @ 06:40:42.829","Mar 8, 2022 @ 12:13:07.567",Philip.Yang,VERSACE,10.86.3.176,
"Mar 8, 2022 @ 06:41:52.999","Mar 8, 2022 @ 10:30:50.569",Kyna.Li,VERSACE,10.86.3.32,
"Mar 8, 2022 @ 06:49:43.111","Mar 8, 2022 @ 07:31:31.747",Silvia.Chang,VERSACE,10.86.3.140,
"Mar 8, 2022 @ 06:51:36.586","Mar 8, 2022 @ 11:13:37.843",Amy.Tang,VERSACE,10.86.3.16,
"Mar 8, 2022 @ 07:00:23.978","Mar 8, 2022 @ 07:24:11.590",Cindy.Liang,VERSACE,10.86.3.120,
"Mar 8, 2022 @ 07:00:44.695","Mar 8, 2022 @ 07:08:33.868",wendy.chenwenting,VERSACE,10.86.3.30,
"Mar 8, 2022 @ 07:05:53.484","Mar 8, 2022 @ 07:11:53.612",Karen.Zhang,VERSACE,10.86.3.228,
"Mar 8, 2022 @ 07:11:20.540","Mar 8, 2022 @ 11:47:11.707",Jenny.Lai,VERSACE,10.86.9.121,
"Mar 8, 2022 @ 07:12:03.503","Mar 8, 2022 @ 07:46:03.465",brian.yuan,VERSACE,10.86.3.164,
"Mar 8, 2022 @ 07:12:59.663","Mar 8, 2022 @ 12:14:23.540",Terence.Zou,VERSACE,10.86.3.110,
"Mar 8, 2022 @ 07:26:18.466","Mar 8, 2022 @ 07:59:32.112",milk.chan,VERSACE,192.168.0.166,
"Mar 8, 2022 @ 07:32:58.094","Mar 8, 2022 @ 11:31:44.452",Sherry.Xie,VERSACE,10.86.3.146,
"Mar 8, 2022 @ 07:35:02.130","Mar 8, 2022 @ 10:54:39.828",doreen.liu,VERSACE,10.86.3.49,
"Mar 8, 2022 @ 07:44:27.228","Mar 8, 2022 @ 08:06:54.531",rebecca.jiang,VERSACE,10.86.3.42,
"Mar 8, 2022 @ 07:46:39.096","Mar 8, 2022 @ 07:48:59.434",Cindy.Liang,VERSACE,10.86.3.120,
"Mar 8, 2022 @ 07:49:20.744","Mar 8, 2022 @ 08:12:12.008",brian.yuan,VERSACE,10.86.3.164,
"Mar 8, 2022 @ 07:55:51.090","Mar 8, 2022 @ 10:23:41.239",raymond.zhao,VERSACE,10.86.3.111,
"Mar 8, 2022 @ 07:55:58.859","Mar 8, 2022 @ 11:14:36.078",pamela.qin,VERSACE,10.86.3.101,
"Mar 8, 2022 @ 08:02:59.110","Mar 8, 2022 @ 10:26:32.824",milk.chan,VERSACE,192.168.0.166,
"Mar 8, 2022 @ 08:04:20.121","Mar 8, 2022 @ 08:20:21.352",Karen.Zhang,VERSACE,10.86.3.228,
"Mar 8, 2022 @ 08:20:54.066","Mar 8, 2022 @ 08:51:56.756",bin.zeng,VERSACE,10.86.9.130,同一用户的标蓝记录存在登录注销时间重合，无法确认对应关系
"Mar 8, 2022 @ 08:22:55.622","Mar 8, 2022 @ 11:03:54.045",caroline.tian,VERSACE,10.86.3.65,
"Mar 8, 2022 @ 08:24:19.800","Mar 8, 2022 @ 08:40:43.414",anson.lau,VERSACE,192.168.0.164,
"Mar 8, 2022 @ 08:30:54.155","Mar 8, 2022 @ 09:31:39.472",brian.yuan,VERSACE,10.86.3.164,
"Mar 8, 2022 @ 08:34:24.007","Mar 8, 2022 @ 09:14:31.160",Jasmine.Zhang,VERSACE,10.86.3.222,
"Mar 8, 2022 @ 08:39:48.755","Mar 8, 2022 @ 10:01:30.722",rebecca.jiang,VERSACE,10.86.3.175,
"Mar 8, 2022 @ 08:48:48.240","Mar 8, 2022 @ 10:35:09.313",jiajie.wu,VERSACE,10.86.3.179,同一用户的标蓝记录存在登录注销时间重合，无法确认对应关系
"Mar 8, 2022 @ 08:51:35.383","Mar 8, 2022 @ 09:34:54.489",bin.zeng,VERSACE,10.86.3.58,同一用户的标蓝记录存在登录注销时间重合，无法确认对应关系
"Mar 8, 2022 @ 09:00:26.492","Mar 8, 2022 @ 12:07:26.908",victo.chang,VERSACE,10.86.3.28,
"Mar 8, 2022 @ 09:15:30.425","Mar 8, 2022 @ 09:19:54.456",Stella.Liu,VERSACE,10.86.3.20,同一用户的标蓝记录存在登录注销时间重合，无法确认对应关系
"Mar 8, 2022 @ 09:25:18.907","Mar 8, 2022 @ 09:32:02.825",Jasmine.Zhang,VERSACE,10.86.3.107,
"Mar 8, 2022 @ 09:34:54.489","Mar 8, 2022 @ 09:35:20.291",bin.zeng,VERSACE,10.86.3.58,
"Mar 8, 2022 @ 09:35:09.589","Mar 8, 2022 @ 10:43:48.577",brian.yuan,VERSACE,10.86.3.164,
"Mar 8, 2022 @ 09:35:20.291","Mar 8, 2022 @ 09:36:14.252",bin.zeng,VERSACE,10.86.9.130,
"Mar 8, 2022 @ 09:36:14.252","Mar 8, 2022 @ 10:09:32.859",bin.zeng,VERSACE,10.86.3.58,
"Mar 8, 2022 @ 09:47:27.771","Mar 8, 2022 @ 10:07:28.323",Karen.Zhang,VERSACE,10.86.3.228,
"Mar 8, 2022 @ 10:06:00.853","Mar 8, 2022 @ 10:28:33.663",rebecca.jiang,VERSACE,10.86.3.42,
"Mar 8, 2022 @ 10:06:18.528","Mar 8, 2022 @ 15:54:08.694",Silvia.Chang,VERSACE,10.86.3.72,
"Mar 8, 2022 @ 10:21:59.308","Mar 8, 2022 @ 14:40:02.732",Karen.Zhang,VERSACE,10.86.3.228,
"Mar 8, 2022 @ 10:29:22.444","Mar 8, 2022 @ 11:08:07.991",rebecca.jiang,VERSACE,10.86.3.175,
"Mar 8, 2022 @ 10:29:29.449","Mar 8, 2022 @ 11:16:01.614",milk.chan,VERSACE,192.168.0.166,
"Mar 8, 2022 @ 11:08:53.045","Mar 8, 2022 @ 12:13:37.285",rebecca.jiang,VERSACE,10.86.3.175,
"Mar 8, 2022 @ 11:13:42.040","Mar 8, 2022 @ 11:13:58.186",Amy.Tang,VERSACE,10.86.3.16,
"Mar 8, 2022 @ 11:15:08.667","Mar 8, 2022 @ 11:31:52.455",Amy.Tang,VERSACE,10.86.3.16,
"Mar 8, 2022 @ 11:24:17.603","Mar 8, 2022 @ 12:17:02.271",milk.chan,VERSACE,192.168.0.166,
"Mar 8, 2022 @ 12:23:03.460","Mar 8, 2022 @ 12:49:03.704",Sherry.Xie,VERSACE,10.86.3.146,
"Mar 8, 2022 @ 12:28:44.026","Mar 8, 2022 @ 13:20:35.407",milk.chan,VERSACE,192.168.0.166,
"Mar 8, 2022 @ 13:44:06.947","Mar 8, 2022 @ 14:00:28.443",haylie.ng,VERSACE,192.168.0.189,
"Mar 8, 2022 @ 14:00:06.276","Mar 9, 2022 @ 10:33:27.915",Effy.Yin,VERSACE,10.86.3.201,
"Mar 8, 2022 @ 14:01:10.189","Mar 8, 2022 @ 14:13:37.590",rebecca.jiang,VERSACE,10.86.1.182,
"Mar 8, 2022 @ 14:05:34.673","Mar 8, 2022 @ 16:09:01.940",haylie.ng,VERSACE,192.168.0.189,
"Mar 8, 2022 @ 14:13:37.590","Mar 8, 2022 @ 16:19:52.683",rebecca.jiang,VERSACE,10.86.1.182,
"Mar 8, 2022 @ 14:16:21.453","Mar 8, 2022 @ 14:22:43.796",Kyna.Li,VERSACE,10.86.3.32,
"Mar 8, 2022 @ 14:24:49.096","Mar 9, 2022 @ 02:20:38.067",Philip.Yang,VERSACE,10.86.3.176,
"Mar 8, 2022 @ 15:04:27.768","Mar 8, 2022 @ 17:26:02.425",milk.chan,VERSACE,192.168.0.166,
"Mar 8, 2022 @ 15:29:56.230","Mar 8, 2022 @ 15:30:06.544",Administrator,GVCN,10.86.1.254,
"Mar 8, 2022 @ 15:40:07.173","Mar 8, 2022 @ 15:55:46.335",adm_admt,VERSACE,10.86.1.20,
"Mar 8, 2022 @ 15:44:37.806","Mar 8, 2022 @ 15:48:32.090",Karen.Zhang,VERSACE,10.86.3.228,
"Mar 8, 2022 @ 16:31:44.282","Mar 8, 2022 @ 16:44:04.584",Kyna.Li,VERSACE,10.86.3.32,
"Mar 8, 2022 @ 18:00:06.345","Mar 8, 2022 @ 18:00:18.466",Administrator,GVCN,10.86.1.254,
"Mar 8, 2022 @ 18:24:00.434","Mar 8, 2022 @ 18:26:20.960",Kyna.Li,VERSACE,10.86.3.32,
"Mar 8, 2022 @ 21:47:42.419","Mar 8, 2022 @ 22:00:06.216",Jenny.Lai,VERSACE,10.86.9.121,
"Mar 9, 2022 @ 00:35:07.112","Mar 9, 2022 @ 06:26:11.651",kate.wang,VERSACE,10.86.9.129,
"Mar 9, 2022 @ 00:36:21.671","Mar 9, 2022 @ 03:07:58.577",Karen.Zhang,VERSACE,10.86.3.228,
"Mar 9, 2022 @ 00:59:55.405","Mar 9, 2022 @ 02:10:25.170",Lydia.Hou,VERSACE,10.86.9.111,
"Mar 9, 2022 @ 01:02:02.968","Mar 9, 2022 @ 01:32:33.608",caroline.tian,VERSACE,10.86.3.65,
"Mar 9, 2022 @ 01:12:39.936","Mar 9, 2022 @ 01:19:32.995",bin.zeng,VERSACE,10.86.9.130,
"Mar 9, 2022 @ 01:13:38.810","Mar 9, 2022 @ 06:57:57.718",Alfred.Gao,VERSACE,10.86.3.102,
"Mar 9, 2022 @ 01:13:59.839","Mar 9, 2022 @ 05:49:21.928",pamela.qin,VERSACE,10.86.3.101,
"Mar 9, 2022 @ 01:15:07.247","Mar 9, 2022 @ 06:15:10.940",peter.pan,VERSACE,10.86.3.195,同一用户的标蓝记录存在登录注销时间重合，无法确认对应关系
"Mar 9, 2022 @ 01:16:46.433","Mar 9, 2022 @ 01:36:32.586",rebecca.jiang,VERSACE,10.86.3.175,
"Mar 9, 2022 @ 01:19:32.995","Mar 9, 2022 @ 01:43:51.714",bin.zeng,VERSACE,10.86.3.58,
"Mar 9, 2022 @ 01:19:48.424","Mar 9, 2022 @ 10:33:20.973",Lily.Ren,VERSACE,10.86.3.123,
"Mar 9, 2022 @ 01:21:40.542","Mar 9, 2022 @ 03:38:53.117",Dannie.Hu,VERSACE,10.86.3.139,同一用户的标蓝记录存在登录注销时间重合，无法确认对应关系
"Mar 9, 2022 @ 01:23:53.439","Mar 9, 2022 @ 10:45:50.667",jenny.chen,VERSACE,10.86.3.203,
"Mar 9, 2022 @ 01:24:03.532","Mar 9, 2022 @ 05:15:42.102",amanda.su,VERSACE,10.86.3.229,
"Mar 9, 2022 @ 01:24:12.518","Mar 9, 2022 @ 03:55:49.588",Winters.Shen,VERSACE,10.86.3.82,
"Mar 9, 2022 @ 01:24:29.740","Mar 9, 2022 @ 05:02:44.482",Karena.Li,VERSACE,10.86.3.158,
"Mar 9, 2022 @ 01:24:38.273","Mar 9, 2022 @ 02:25:40.725",Gary.Chen,VERSACE,10.86.3.88,
"Mar 9, 2022 @ 01:24:48.133","Mar 9, 2022 @ 10:36:46.457",Susan.Ni,VERSACE,10.86.3.104,
"Mar 9, 2022 @ 01:24:49.537","Mar 9, 2022 @ 03:00:33.786",brian.yuan,VERSACE,10.86.3.164,
"Mar 9, 2022 @ 01:26:49.299","Mar 9, 2022 @ 10:54:36.343",Steven.Wangye,VERSACE,10.86.3.84,
"Mar 9, 2022 @ 01:27:31.435","Mar 9, 2022 @ 01:56:08.772",Frances.Cao,VERSACE,10.86.3.128,
"Mar 9, 2022 @ 01:27:33.853","Mar 9, 2022 @ 03:01:58.589",victo.chang,VERSACE,10.86.3.165,
"Mar 9, 2022 @ 01:28:46.299","Mar 9, 2022 @ 05:12:21.950",carine.shen,VERSACE,10.86.3.119,
"Mar 9, 2022 @ 01:29:03.678","Mar 9, 2022 @ 05:18:39.539",finance.intern,VERSACE,10.86.3.135,
"Mar 9, 2022 @ 01:29:25.471","Mar 9, 2022 @ 05:02:33.732",tina.wang,VERSACE,10.86.3.145,
"Mar 9, 2022 @ 01:29:59.667","Mar 9, 2022 @ 02:18:19.288",Iris.zhang,VERSACE,10.86.3.211,
"Mar 9, 2022 @ 01:30:13.644","Mar 9, 2022 @ 01:55:06.808",Cindy.Liang,VERSACE,10.86.3.120,
"Mar 9, 2022 @ 01:31:13.455","Mar 9, 2022 @ 01:31:24.250",PC19YZXZ$,VERSACE,10.86.3.104,
"Mar 9, 2022 @ 01:31:23.330","Mar 9, 2022 @ 10:33:29.631",Eleanor.Fan,VERSACE,10.86.3.92,
"Mar 9, 2022 @ 01:32:11.129","Mar 9, 2022 @ 11:25:04.675",Luna.Sun,VERSACE,10.86.3.18,
"Mar 9, 2022 @ 01:32:23.983","Mar 9, 2022 @ 10:28:24.571",jiajie.wu,VERSACE,10.86.3.179,
"Mar 9, 2022 @ 01:32:38.554","Mar 9, 2022 @ 06:13:01.771",Terence.Zou,VERSACE,10.86.3.110,
"Mar 9, 2022 @ 01:33:41.875","Mar 9, 2022 @ 11:19:42.158",heather.zhou,VERSACE,10.86.3.206,
"Mar 9, 2022 @ 01:36:01.636","Mar 9, 2022 @ 02:01:17.498",Jasmine.Zhang,VERSACE,10.86.3.222,
"Mar 9, 2022 @ 01:36:08.531","Mar 9, 2022 @ 01:57:38.862",Stella.Liu,VERSACE,10.86.3.223,
"Mar 9, 2022 @ 01:37:17.640","Mar 9, 2022 @ 02:27:14.107",wendy.chenwenting,VERSACE,10.86.3.30,
"Mar 9, 2022 @ 01:38:25.750","Mar 9, 2022 @ 01:38:39.431",PF32T70X$,VERSACE,10.86.3.30,
"Mar 9, 2022 @ 01:38:36.202","Mar 9, 2022 @ 06:05:33.424",Shannon.Wu,VERSACE,10.86.3.218,
"Mar 9, 2022 @ 01:40:32.937","Mar 9, 2022 @ 01:41:49.565",rebecca.jiang,VERSACE,10.86.3.175,
"Mar 9, 2022 @ 01:40:46.603","Mar 9, 2022 @ 01:40:59.879",PF32T70X$,VERSACE,10.86.3.30,
"Mar 9, 2022 @ 01:41:04.325","Mar 9, 2022 @ 05:09:40.469",cathy.chu,VERSACE,10.86.3.131,
"Mar 9, 2022 @ 01:42:03.012","Mar 9, 2022 @ 05:11:31.217",Jenny.Lai,VERSACE,10.86.9.121,
"Mar 9, 2022 @ 01:42:22.294","Mar 9, 2022 @ 01:56:14.278",ginny.cheng,VERSACE,10.86.3.178,
"Mar 9, 2022 @ 01:43:25.537","Mar 9, 2022 @ 01:47:13.922",rebecca.jiang,VERSACE,10.86.3.175,
"Mar 9, 2022 @ 01:44:51.992","Mar 9, 2022 @ 02:33:40.974",char.lu,VERSACE,10.86.3.210,
"Mar 9, 2022 @ 01:47:17.682","Mar 9, 2022 @ 02:01:57.418",rebecca.jiang,VERSACE,10.86.3.175,
"Mar 9, 2022 @ 01:47:50.083","Mar 9, 2022 @ 09:51:13.567",bin.zeng,VERSACE,10.86.3.58,
"Mar 9, 2022 @ 01:51:33.305","Mar 9, 2022 @ 12:06:21.590",Sherry.Xie,VERSACE,10.86.3.114,
"Mar 9, 2022 @ 01:52:49.761","Mar 9, 2022 @ 05:29:18.802",Kyna.Li,VERSACE,10.86.3.32,
"Mar 9, 2022 @ 01:54:24.360","Mar 9, 2022 @ 01:54:35.109",PC014821501457$,VERSACE,10.86.3.212,
"Mar 9, 2022 @ 02:02:20.600","Mar 9, 2022 @ 02:17:36.997",Cindy.Liang,VERSACE,10.86.3.120,
"Mar 9, 2022 @ 02:04:08.677","Mar 9, 2022 @ 02:26:37.072",raymond.zhao,VERSACE,10.86.3.111,
"Mar 9, 2022 @ 02:06:55.552","Mar 9, 2022 @ 07:02:19.737",Ryan.Su,VERSACE,10.86.3.214,
"Mar 9, 2022 @ 02:12:31.687","Mar 9, 2022 @ 02:28:53.963",Lydia.Hou,VERSACE,10.86.9.111,
"Mar 9, 2022 @ 02:15:19.419","Mar 9, 2022 @ 10:59:54.819",jun.ip,VERSACE,10.86.3.78,
"Mar 9, 2022 @ 02:17:29.680","Mar 9, 2022 @ 11:46:51.324",Frances.Cao,VERSACE,10.86.3.128,
"Mar 9, 2022 @ 02:18:11.660","Mar 9, 2022 @ 09:55:42.016",Iris.zhang,VERSACE,10.86.3.208,同一用户的标蓝记录存在登录注销时间重合，无法确认对应关系
"Mar 9, 2022 @ 02:21:17.130","Mar 9, 2022 @ 02:29:40.061",Stella.Liu,VERSACE,10.86.3.20,
"Mar 9, 2022 @ 02:22:00.389","Mar 9, 2022 @ 02:37:52.166",Cindy.Liang,VERSACE,10.86.3.120,
"Mar 9, 2022 @ 02:25:45.483","Mar 9, 2022 @ 03:27:42.328",Jasmine.Zhang,VERSACE,10.86.3.222,
"Mar 9, 2022 @ 02:29:12.309","Mar 9, 2022 @ 02:44:35.915",haylie.ng,VERSACE,192.168.0.111,
"Mar 9, 2022 @ 02:29:39.000","Mar 9, 2022 @ 10:36:54.881",Gary.Chen,VERSACE,10.86.3.88,
"Mar 9, 2022 @ 02:36:15.773","Mar 9, 2022 @ 02:36:42.590",Amy.Tang,VERSACE,10.86.3.16,
"Mar 9, 2022 @ 02:37:07.800","Mar 9, 2022 @ 02:39:47.326",Stella.Liu,VERSACE,10.86.3.20,
"Mar 9, 2022 @ 02:37:24.585","Mar 9, 2022 @ 02:48:51.983",wendy.chenwenting,VERSACE,10.86.3.30,
"Mar 9, 2022 @ 02:40:50.398","Mar 9, 2022 @ 03:03:22.455",Cindy.Liang,VERSACE,10.86.3.120,
"Mar 9, 2022 @ 02:40:51.630","Mar 9, 2022 @ 11:16:53.911",Lydia.Hou,VERSACE,10.86.9.111,
"Mar 9, 2022 @ 02:45:05.934","Mar 9, 2022 @ 02:46:17.268",Stella.Liu,VERSACE,10.86.3.223,
"Mar 9, 2022 @ 02:45:39.261","Mar 9, 2022 @ 08:07:38.855",mk.vpnuser1,VERSACE,10.86.1.185,同一用户的标蓝记录存在登录注销时间重合，无法确认对应关系
"Mar 9, 2022 @ 02:46:17.268","Mar 9, 2022 @ 02:48:40.204",Stella.Liu,VERSACE,10.86.3.20,
"Mar 9, 2022 @ 02:49:29.831","Mar 9, 2022 @ 02:49:40.564",wendy.chenwenting,VERSACE,10.86.3.30,
"Mar 9, 2022 @ 02:49:32.982","Mar 9, 2022 @ 02:49:57.850",Gloria.Yang,VERSACE,10.86.3.126,
"Mar 9, 2022 @ 02:49:54.511","Mar 9, 2022 @ 03:04:05.933",wendy.chenwenting,VERSACE,10.86.3.30,
"Mar 9, 2022 @ 02:50:50.034","Mar 9, 2022 @ 05:44:00.098",char.lu,VERSACE,10.86.3.210,
"Mar 9, 2022 @ 02:51:16.602","Mar 9, 2022 @ 03:01:36.873",doreen.liu,VERSACE,10.86.3.49,
"Mar 9, 2022 @ 02:54:04.575","Mar 9, 2022 @ 06:08:30.392",Gloria.Yang,VERSACE,10.86.3.126,
"Mar 9, 2022 @ 02:55:21.827","Mar 9, 2022 @ 04:30:59.080",rebecca.jiang,VERSACE,10.86.3.175,
"Mar 9, 2022 @ 02:59:41.556","Mar 9, 2022 @ 04:54:55.491",ginny.cheng,VERSACE,10.86.3.178,
"Mar 9, 2022 @ 03:00:12.788","Mar 9, 2022 @ 11:12:40.690",Yannick.Hu,VERSACE,10.86.9.123,
"Mar 9, 2022 @ 03:02:32.722","Mar 9, 2022 @ 10:07:06.751",christina.pang,VERSACE,10.86.3.66,
"Mar 9, 2022 @ 03:04:08.117","Mar 9, 2022 @ 03:48:37.715",wendy.chenwenting,VERSACE,10.86.3.30,同一用户的标蓝记录存在登录注销时间重合，无法确认对应关系
"Mar 9, 2022 @ 03:07:16.815","Mar 9, 2022 @ 03:50:55.589",Stella.Liu,VERSACE,10.86.3.223,
"Mar 9, 2022 @ 03:11:32.439","Mar 9, 2022 @ 03:11:44.919",PF2XVQQ2$,VERSACE,10.86.3.224,
"Mar 9, 2022 @ 03:13:33.636","Mar 9, 2022 @ 05:18:43.080",mk.vpnuser1,VERSACE,10.86.1.188,
"Mar 9, 2022 @ 03:14:05.288","Mar 9, 2022 @ 05:10:50.765",victo.chang,VERSACE,10.86.3.165,
"Mar 9, 2022 @ 03:14:54.148","Mar 9, 2022 @ 03:30:22.682",yasmine.feng,VERSACE,10.86.3.147,
"Mar 9, 2022 @ 03:16:08.280","Mar 9, 2022 @ 03:16:29.808",PC1PQRP2$,VERSACE,10.86.3.83,
"Mar 9, 2022 @ 03:20:29.987","Mar 9, 2022 @ 04:21:43.452",brian.yuan,VERSACE,10.86.3.164,
"Mar 9, 2022 @ 03:21:08.254","Mar 9, 2022 @ 03:34:49.459",Amy.Tang,VERSACE,10.86.3.16,
"Mar 9, 2022 @ 03:22:21.434","Mar 9, 2022 @ 04:01:25.661",haylie.ng,VERSACE,192.168.0.111,
"Mar 9, 2022 @ 03:22:30.513","Mar 9, 2022 @ 03:24:17.717",Administrator,GVCNSRVFILE,10.86.1.21,
"Mar 9, 2022 @ 03:22:35.396","Mar 9, 2022 @ 03:22:46.566",CNDVREPORTS01$,VERSACE,10.86.1.21,
"Mar 9, 2022 @ 03:28:51.234","Mar 9, 2022 @ 03:36:58.877",Jasmine.Zhang,VERSACE,10.86.3.107,
"Mar 9, 2022 @ 03:28:55.773","Mar 9, 2022 @ 03:49:04.376",wendy.chenwenting,VERSACE,10.86.3.30,同一用户的标蓝记录存在登录注销时间重合，无法确认对应关系
"Mar 9, 2022 @ 03:30:50.949","Mar 9, 2022 @ 12:57:06.186",adm_admt,VERSACE,10.86.1.240,
"Mar 9, 2022 @ 03:31:57.125","Mar 9, 2022 @ 06:14:52.267",yasmine.feng,VERSACE,10.86.3.167,
"Mar 9, 2022 @ 03:32:55.329","Mar 9, 2022 @ 10:55:54.063",raymond.zhao,VERSACE,10.86.3.111,
"Mar 9, 2022 @ 03:33:01.241","Mar 9, 2022 @ 04:11:42.520",milk.chan,VERSACE,192.168.0.164,
"Mar 9, 2022 @ 03:34:58.819","Mar 9, 2022 @ 06:00:52.264",Amy.Tang,VERSACE,10.86.3.16,
"Mar 9, 2022 @ 03:38:03.711","Mar 9, 2022 @ 06:05:54.734",Dannie.Hu,VERSACE,10.86.3.139,同一用户的标蓝记录存在登录注销时间重合，无法确认对应关系
"Mar 9, 2022 @ 03:39:09.310","Mar 9, 2022 @ 04:39:54.788",Silvia.Chang,VERSACE,10.86.3.140,
"Mar 9, 2022 @ 03:49:27.214","Mar 9, 2022 @ 05:44:03.967",Karen.Zhang,VERSACE,10.86.3.228,
"Mar 9, 2022 @ 03:50:03.360","Mar 9, 2022 @ 05:45:04.604",wendy.chenwenting,VERSACE,10.86.3.30,
"Mar 9, 2022 @ 03:56:40.975","Mar 9, 2022 @ 04:01:45.052",Stella.Liu,VERSACE,10.86.3.223,
"Mar 9, 2022 @ 04:01:45.052","Mar 9, 2022 @ 04:04:05.297",Stella.Liu,VERSACE,10.86.3.20,
"Mar 9, 2022 @ 04:13:33.125","Mar 9, 2022 @ 04:39:44.102",Stella.Liu,VERSACE,10.86.3.223,
"Mar 9, 2022 @ 04:28:00.740","Mar 9, 2022 @ 04:43:08.292",Cindy.Liang,VERSACE,10.86.3.120,
"Mar 9, 2022 @ 04:28:33.578","Mar 9, 2022 @ 09:46:01.920",Philip.Yang,VERSACE,10.86.3.176,
"Mar 9, 2022 @ 04:31:15.757","Mar 9, 2022 @ 04:31:26.568",PC19YZXZ$,VERSACE,10.86.3.104,
"Mar 9, 2022 @ 04:31:27.987","Mar 9, 2022 @ 04:39:44.195",brian.yuan,VERSACE,10.86.3.164,
"Mar 9, 2022 @ 04:35:52.518","Mar 9, 2022 @ 10:30:20.869",Winters.Shen,VERSACE,10.86.3.82,
"Mar 9, 2022 @ 04:39:03.651","Mar 9, 2022 @ 06:11:57.374",rebecca.jiang,VERSACE,10.86.3.175,
"Mar 9, 2022 @ 04:39:44.102","Mar 9, 2022 @ 04:42:04.316",Stella.Liu,VERSACE,10.86.3.20,
"Mar 9, 2022 @ 04:39:44.227","Mar 9, 2022 @ 05:12:11.482",brian.yuan,VERSACE,10.86.3.164,
"Mar 9, 2022 @ 04:40:19.405","Mar 9, 2022 @ 05:03:40.927",haylie.ng,VERSACE,192.168.0.111,
"Mar 9, 2022 @ 04:43:15.998","Mar 9, 2022 @ 04:45:36.258",Stella.Liu,VERSACE,10.86.3.20,
"Mar 9, 2022 @ 04:53:52.700","Mar 9, 2022 @ 04:56:12.899",Stella.Liu,VERSACE,10.86.3.223,
"Mar 9, 2022 @ 05:12:19.391","Mar 9, 2022 @ 08:15:48.106",victo.chang,VERSACE,10.86.3.165,
"Mar 9, 2022 @ 05:15:42.991","Mar 9, 2022 @ 05:18:03.737",Jenny.Lai,VERSACE,10.86.9.121,
"Mar 9, 2022 @ 05:20:38.132","Mar 9, 2022 @ 06:20:16.671",Silvia.Chang,VERSACE,10.86.3.72,
"Mar 9, 2022 @ 05:44:03.811","Mar 9, 2022 @ 05:52:32.374",mk.vpnuser1,VERSACE,10.86.1.188,
"Mar 9, 2022 @ 05:44:54.074","Mar 9, 2022 @ 06:54:38.598",Stella.Liu,VERSACE,10.86.3.223,同一用户的标蓝记录存在登录注销时间重合，无法确认对应关系
"Mar 9, 2022 @ 05:47:13.399","Mar 9, 2022 @ 10:38:44.191",Yui.Chen,VERSACE,10.86.3.166,
"Mar 9, 2022 @ 05:58:53.469","Mar 9, 2022 @ 06:38:09.037",wendy.chenwenting,VERSACE,10.86.3.30,
"Mar 9, 2022 @ 05:58:58.055","Mar 9, 2022 @ 06:17:26.942",finance.intern,VERSACE,10.86.3.135,
"Mar 9, 2022 @ 06:00:09.753","Mar 9, 2022 @ 09:40:33.700",ginny.cheng,VERSACE,10.86.3.178,
"Mar 9, 2022 @ 06:01:26.116","Mar 9, 2022 @ 06:22:40.987",pamela.qin,VERSACE,10.86.3.101,
"Mar 9, 2022 @ 06:03:19.076","Mar 9, 2022 @ 08:34:55.431",mk.vpnuser1,VERSACE,10.86.1.188,同一用户的标蓝记录存在登录注销时间重合，无法确认对应关系
"Mar 9, 2022 @ 06:05:33.487","Mar 9, 2022 @ 06:46:07.898",Shannon.Wu,VERSACE,10.86.3.218,
"Mar 9, 2022 @ 06:05:38.292","Mar 9, 2022 @ 06:51:11.601",Amy.Tang,VERSACE,10.86.3.16,
"Mar 9, 2022 @ 06:05:54.578","Mar 9, 2022 @ 06:10:18.828",carine.shen,VERSACE,10.86.3.119,
"Mar 9, 2022 @ 06:08:33.871","Mar 9, 2022 @ 06:31:46.133",brian.yuan,VERSACE,10.86.3.164,
"Mar 9, 2022 @ 06:10:59.685","Mar 9, 2022 @ 06:26:39.279",Kyna.Li,VERSACE,10.86.3.32,
"Mar 9, 2022 @ 06:14:52.001","Mar 9, 2022 @ 06:51:20.259",peter.pan,VERSACE,10.86.3.213,同一用户的标蓝记录存在登录注销时间重合，无法确认对应关系
"Mar 9, 2022 @ 06:17:42.027","Mar 9, 2022 @ 07:56:08.192",doreen.liu,VERSACE,10.86.3.86,
"Mar 9, 2022 @ 06:24:06.242","Mar 9, 2022 @ 08:13:09.546",finance.intern,VERSACE,10.86.3.135,
"Mar 9, 2022 @ 06:24:16.819","Mar 9, 2022 @ 11:01:32.491",Dannie.Hu,VERSACE,10.86.3.121,
"Mar 9, 2022 @ 06:24:19.642","Mar 9, 2022 @ 12:24:10.995",Terence.Zou,VERSACE,10.86.3.110,
"Mar 9, 2022 @ 06:26:38.936","Mar 9, 2022 @ 11:26:44.827",char.lu,VERSACE,10.86.3.210,
"Mar 9, 2022 @ 06:40:24.508","Mar 9, 2022 @ 07:01:09.568",Jenny.Lai,VERSACE,10.86.9.121,
"Mar 9, 2022 @ 06:41:18.126","Mar 9, 2022 @ 10:06:06.800",Silvia.Chang,VERSACE,10.86.3.140,
"Mar 9, 2022 @ 06:46:50.439","Mar 9, 2022 @ 07:01:03.484",Jasmine.Zhang,VERSACE,10.86.3.107,
"Mar 9, 2022 @ 06:50:42.272","Mar 9, 2022 @ 10:29:15.318",kate.wang,VERSACE,10.86.9.129,
"Mar 9, 2022 @ 06:51:37.497","Mar 9, 2022 @ 09:46:51.373",pamela.qin,VERSACE,10.86.3.101,
"Mar 9, 2022 @ 06:53:13.484","Mar 9, 2022 @ 10:37:08.204",peter.pan,VERSACE,10.86.3.155,
"Mar 9, 2022 @ 06:53:24.794","Mar 9, 2022 @ 07:01:51.735",wendy.chenwenting,VERSACE,10.86.3.30,
"Mar 9, 2022 @ 06:54:17.242","Mar 9, 2022 @ 07:09:24.637",Stella.Liu,VERSACE,10.86.3.20,同一用户的标蓝记录存在登录注销时间重合，无法确认对应关系
"Mar 9, 2022 @ 06:55:48.939","Mar 9, 2022 @ 07:33:41.932",Amy.Tang,VERSACE,10.86.3.16,
"Mar 9, 2022 @ 06:58:15.299","Mar 9, 2022 @ 11:45:13.355",Alfred.Gao,VERSACE,10.86.3.33,
"Mar 9, 2022 @ 07:01:03.484","Mar 9, 2022 @ 07:07:04.112",Jasmine.Zhang,VERSACE,10.86.3.222,
"Mar 9, 2022 @ 07:01:21.097","Mar 9, 2022 @ 07:16:54.734",Jenny.Lai,VERSACE,10.86.9.121,
"Mar 9, 2022 @ 07:02:18.287","Mar 9, 2022 @ 07:02:40.205",wendy.chenwenting,VERSACE,10.86.3.30,
"Mar 9, 2022 @ 07:02:40.111","Mar 9, 2022 @ 10:06:32.977",Karen.Zhang,VERSACE,10.86.3.100,
"Mar 9, 2022 @ 07:03:28.378","Mar 9, 2022 @ 07:04:05.958",wendy.chenwenting,VERSACE,10.86.3.30,
"Mar 9, 2022 @ 07:04:23.696","Mar 9, 2022 @ 10:12:30.453",wendy.chenwenting,VERSACE,10.86.3.30,
"Mar 9, 2022 @ 07:05:47.281","Mar 9, 2022 @ 10:37:13.040",Shannon.Wu,VERSACE,10.86.3.218,
"Mar 9, 2022 @ 07:09:03.094","Mar 9, 2022 @ 07:24:24.857",amanda.su,VERSACE,10.86.3.229,
"Mar 9, 2022 @ 07:10:43.558","Mar 9, 2022 @ 08:15:49.650",Jasmine.Zhang,VERSACE,10.86.3.222,
"Mar 9, 2022 @ 07:12:09.125","Mar 9, 2022 @ 07:18:29.714",haylie.ng,VERSACE,192.168.0.111,
"Mar 9, 2022 @ 07:15:00.437","Mar 9, 2022 @ 07:15:43.160",Gloria.Yang,VERSACE,10.86.3.126,
"Mar 9, 2022 @ 07:20:54.815","Mar 9, 2022 @ 07:36:24.970",tina.wang,VERSACE,10.86.3.145,
"Mar 9, 2022 @ 07:27:56.462","Mar 9, 2022 @ 08:48:05.560",cathy.chu,VERSACE,10.86.3.131,
"Mar 9, 2022 @ 07:31:09.502","Mar 9, 2022 @ 07:51:36.282",yasmine.feng,VERSACE,10.86.3.147,
"Mar 9, 2022 @ 07:31:13.215","Mar 9, 2022 @ 07:31:24.026",PC19YZXZ$,VERSACE,10.86.3.104,
"Mar 9, 2022 @ 07:34:39.684","Mar 9, 2022 @ 11:26:09.337",Ryan.Su,VERSACE,10.86.3.214,
"Mar 9, 2022 @ 07:35:39.808","Mar 9, 2022 @ 08:39:57.293",Amy.Tang,VERSACE,10.86.3.16,
"Mar 9, 2022 @ 07:37:16.513","Mar 9, 2022 @ 08:07:55.235",tina.wang,VERSACE,10.86.3.145,
"Mar 9, 2022 @ 07:38:29.288","Mar 9, 2022 @ 07:43:00.122",Stella.Liu,VERSACE,10.86.3.20,
"Mar 9, 2022 @ 07:38:55.434","Mar 9, 2022 @ 09:26:07.995",rebecca.jiang,VERSACE,10.86.3.175,
"Mar 9, 2022 @ 07:41:53.151","Mar 9, 2022 @ 08:32:14.734",brian.yuan,VERSACE,10.86.3.164,
"Mar 9, 2022 @ 07:51:36.282","Mar 9, 2022 @ 09:09:53.082",yasmine.feng,VERSACE,10.86.3.167,
"Mar 9, 2022 @ 07:59:48.263","Mar 9, 2022 @ 08:46:15.751",doreen.liu,VERSACE,10.86.3.86,
"Mar 9, 2022 @ 08:06:58.467","Mar 9, 2022 @ 10:02:39.771",Stella.Liu,VERSACE,10.86.3.223,
"Mar 9, 2022 @ 08:09:10.693","Mar 9, 2022 @ 08:09:47.853",Gloria.Yang,VERSACE,10.86.3.126,
"Mar 9, 2022 @ 08:22:04.474","Mar 9, 2022 @ 10:37:43.319",carine.shen,VERSACE,10.86.3.119,
"Mar 9, 2022 @ 08:26:54.511","Mar 9, 2022 @ 08:42:25.525",Jenny.Lai,VERSACE,10.86.9.121,
"Mar 9, 2022 @ 08:29:19.560","Mar 9, 2022 @ 08:55:42.861",Jasmine.Zhang,VERSACE,10.86.3.222,
"Mar 9, 2022 @ 08:29:36.050","Mar 9, 2022 @ 10:46:45.423",Kyna.Li,VERSACE,10.86.3.32,
"Mar 9, 2022 @ 08:32:04.438","Mar 9, 2022 @ 10:33:02.486",finance.intern,VERSACE,10.86.3.135,
"Mar 9, 2022 @ 08:34:06.353","Mar 9, 2022 @ 08:34:32.982",Gloria.Yang,VERSACE,10.86.3.126,
"Mar 9, 2022 @ 08:36:01.263","Mar 9, 2022 @ 11:05:48.692",anson.lau,VERSACE,192.168.0.188,
"Mar 9, 2022 @ 08:36:16.879","Mar 9, 2022 @ 09:40:59.926",brian.yuan,VERSACE,10.86.3.164,
"Mar 9, 2022 @ 08:39:59.633","Mar 9, 2022 @ 08:48:21.769",Amy.Tang,VERSACE,10.86.3.16,
"Mar 9, 2022 @ 08:42:19.503","Mar 9, 2022 @ 08:43:29.220",Gloria.Yang,VERSACE,10.86.3.126,
"Mar 9, 2022 @ 08:54:35.297","Mar 9, 2022 @ 13:18:24.131",milk.chan,VERSACE,192.168.0.178,
"Mar 9, 2022 @ 08:54:51.506","Mar 9, 2022 @ 08:55:17.137",Gloria.Yang,VERSACE,10.86.3.126,
"Mar 9, 2022 @ 08:56:29.506","Mar 9, 2022 @ 10:37:56.065",Jasmine.Zhang,VERSACE,10.86.3.107,
"Mar 9, 2022 @ 09:00:35.426","Mar 9, 2022 @ 09:16:10.808",Cindy.Liang,VERSACE,10.86.3.120,
"Mar 9, 2022 @ 09:01:14.738","Mar 9, 2022 @ 09:01:57.607",Gloria.Yang,VERSACE,10.86.3.126,
"Mar 9, 2022 @ 09:01:57.623","Mar 9, 2022 @ 09:17:40.820",doreen.liu,VERSACE,10.86.3.86,
"Mar 9, 2022 @ 09:03:15.764","Mar 9, 2022 @ 09:03:39.382",Gloria.Yang,VERSACE,10.86.3.126,
"Mar 9, 2022 @ 09:05:41.656","Mar 9, 2022 @ 09:06:08.363",Gloria.Yang,VERSACE,10.86.3.126,
"Mar 9, 2022 @ 09:07:02.917","Mar 9, 2022 @ 09:07:23.478",Gloria.Yang,VERSACE,10.86.3.126,
"Mar 9, 2022 @ 09:14:39.984","Mar 9, 2022 @ 10:12:05.477",yasmine.feng,VERSACE,10.86.3.147,
"Mar 9, 2022 @ 09:21:13.418","Mar 9, 2022 @ 09:44:39.347",Jenny.Lai,VERSACE,10.86.9.121,
"Mar 9, 2022 @ 09:21:36.865","Mar 9, 2022 @ 15:40:44.917",victo.chang,VERSACE,10.86.3.28,
"Mar 9, 2022 @ 09:24:03.694","Mar 9, 2022 @ 09:25:27.918",Amy.Tang,VERSACE,10.86.3.16,
"Mar 9, 2022 @ 09:25:06.734","Mar 9, 2022 @ 10:26:30.471",tina.wang,VERSACE,10.86.3.145,
"Mar 9, 2022 @ 09:31:02.198","Mar 9, 2022 @ 09:31:23.949",Amy.Tang,VERSACE,10.86.3.16,
"Mar 9, 2022 @ 09:32:23.367","Mar 9, 2022 @ 09:32:39.439",Amy.Tang,VERSACE,10.86.3.16,
"Mar 9, 2022 @ 09:36:43.144","Mar 9, 2022 @ 09:36:59.151",Gloria.Yang,VERSACE,10.86.3.126,
"Mar 9, 2022 @ 09:37:43.771","Mar 9, 2022 @ 09:38:14.240",Gloria.Yang,VERSACE,10.86.3.126,
"Mar 9, 2022 @ 09:41:19.411","Mar 9, 2022 @ 09:41:35.386",Gloria.Yang,VERSACE,10.86.3.126,
"Mar 9, 2022 @ 09:43:09.301","Mar 9, 2022 @ 09:43:27.928",Gloria.Yang,VERSACE,10.86.3.126,
"Mar 9, 2022 @ 09:43:44.339","Mar 9, 2022 @ 09:44:00.080",Gloria.Yang,VERSACE,10.86.3.126,
"Mar 9, 2022 @ 09:45:24.916","Mar 9, 2022 @ 09:45:44.448",Gloria.Yang,VERSACE,10.86.3.126,
"Mar 9, 2022 @ 09:49:03.492","Mar 9, 2022 @ 09:49:18.999",Gloria.Yang,VERSACE,10.86.3.126,
"Mar 9, 2022 @ 09:49:35.707","Mar 9, 2022 @ 09:49:51.182",Gloria.Yang,VERSACE,10.86.3.126,
"Mar 9, 2022 @ 09:50:11.915","Mar 9, 2022 @ 09:50:34.099",Gloria.Yang,VERSACE,10.86.3.126,
"Mar 9, 2022 @ 09:51:12.319","Mar 9, 2022 @ 09:51:27.748",Gloria.Yang,VERSACE,10.86.3.126,
"Mar 9, 2022 @ 09:51:13.942","Mar 9, 2022 @ 10:22:32.040",bin.zeng,VERSACE,10.86.3.58,
"Mar 9, 2022 @ 09:53:35.966","Mar 9, 2022 @ 11:03:53.423",Amy.Tang,VERSACE,10.86.3.16,
"Mar 9, 2022 @ 09:55:15.979","Mar 9, 2022 @ 10:31:59.696",Iris.zhang,VERSACE,10.86.3.211,同一用户的标蓝记录存在登录注销时间重合，无法确认对应关系
"Mar 9, 2022 @ 09:57:26.006","Mar 9, 2022 @ 10:25:11.488",Cindy.Liang,VERSACE,10.86.3.120,
"Mar 9, 2022 @ 09:58:39.826","Mar 9, 2022 @ 10:43:24.650",pamela.qin,VERSACE,10.86.3.101,
"Mar 9, 2022 @ 10:10:56.353","Mar 9, 2022 @ 10:15:09.496",Gloria.Yang,VERSACE,10.86.3.126,
"Mar 9, 2022 @ 10:14:51.259","Mar 9, 2022 @ 15:48:10.690",Silvia.Chang,VERSACE,10.86.1.184,
"Mar 9, 2022 @ 10:18:39.957","Mar 9, 2022 @ 10:18:50.737",wendy.chenwenting,VERSACE,10.86.3.30,
"Mar 9, 2022 @ 10:19:10.346","Mar 9, 2022 @ 10:54:58.698",mika.zhang,VERSACE,10.86.3.83,
"Mar 9, 2022 @ 10:19:43.215","Mar 9, 2022 @ 10:36:30.810",wendy.chenwenting,VERSACE,10.86.3.30,
"Mar 9, 2022 @ 10:22:41.930","Mar 9, 2022 @ 12:55:22.461",Philip.Yang,VERSACE,10.86.3.176,
"Mar 9, 2022 @ 10:23:08.450","Mar 9, 2022 @ 10:29:29.857",rebecca.jiang,VERSACE,10.86.3.42,
"Mar 9, 2022 @ 10:26:35.198","Mar 9, 2022 @ 10:28:55.396",amanda.su,VERSACE,10.86.3.229,
"Mar 9, 2022 @ 10:26:54.683","Mar 9, 2022 @ 10:41:13.203",yasmine.feng,VERSACE,10.86.3.167,
"Mar 9, 2022 @ 10:30:16.954","Mar 9, 2022 @ 10:35:31.202",rebecca.jiang,VERSACE,10.86.3.175,
"Mar 9, 2022 @ 10:31:13.707","Mar 9, 2022 @ 10:31:24.549",PC19YZXZ$,VERSACE,10.86.3.104,
"Mar 9, 2022 @ 10:34:48.458","Mar 9, 2022 @ 10:37:08.687",brian.yuan,VERSACE,10.86.3.164,
"Mar 9, 2022 @ 10:41:13.203","Mar 9, 2022 @ 10:43:33.432",yasmine.feng,VERSACE,10.86.3.147,
"Mar 9, 2022 @ 10:41:18.258","Mar 9, 2022 @ 12:20:34.856",Stella.Liu,VERSACE,10.86.3.223,同一用户的标蓝记录存在登录注销时间重合，无法确认对应关系
"Mar 9, 2022 @ 11:00:22.634","Mar 9, 2022 @ 12:29:56.896",christina.pang,VERSACE,10.86.1.185,
"Mar 9, 2022 @ 11:08:47.422","Mar 9, 2022 @ 11:11:07.683",Cindy.Liang,VERSACE,10.86.3.120,
"Mar 9, 2022 @ 11:10:54.360","Mar 9, 2022 @ 11:17:58.012",Amy.Tang,VERSACE,10.86.3.16,
"Mar 9, 2022 @ 11:11:17.854","Mar 9, 2022 @ 11:52:47.199",doreen.liu,VERSACE,10.86.3.86,
"Mar 9, 2022 @ 11:19:00.631","Mar 9, 2022 @ 11:19:26.543",Amy.Tang,VERSACE,10.86.3.16,
"Mar 9, 2022 @ 11:22:00.032","Mar 9, 2022 @ 11:22:18.175",Amy.Tang,VERSACE,10.86.3.16,
"Mar 9, 2022 @ 11:24:21.166","Mar 9, 2022 @ 11:25:20.556",Amy.Tang,VERSACE,10.86.3.16,
"Mar 9, 2022 @ 11:42:10.927","Mar 9, 2022 @ 12:01:21.129",Amy.Tang,VERSACE,10.86.3.16,
"Mar 9, 2022 @ 12:20:13.499","Mar 9, 2022 @ 12:22:42.246",Stella.Liu,VERSACE,10.86.3.20,同一用户的标蓝记录存在登录注销时间重合，无法确认对应关系
"Mar 9, 2022 @ 12:40:17.890","Mar 9, 2022 @ 13:51:49.524",haylie.ng,VERSACE,192.168.0.111,
"Mar 9, 2022 @ 12:57:06.186","Mar 9, 2022 @ 12:57:48.603",adm_admt,VERSACE,10.86.1.20,
"Mar 9, 2022 @ 12:57:48.603","Mar 9, 2022 @ 13:00:16.398",adm_admt,VERSACE,10.86.1.21,
"Mar 9, 2022 @ 13:18:31.962","Mar 9, 2022 @ 14:32:27.722",mk.vpnuser1,VERSACE,10.86.1.190,
"Mar 9, 2022 @ 14:02:35.961","Mar 9, 2022 @ 15:48:04.543",christina.pang,VERSACE,10.86.3.159,
"Mar 9, 2022 @ 14:39:02.608","Mar 9, 2022 @ 15:16:45.543",Philip.Yang,VERSACE,10.86.3.176,
"Mar 9, 2022 @ 15:29:55.173","Mar 9, 2022 @ 15:30:05.375",Administrator,GVCN,10.86.1.254,
"Mar 9, 2022 @ 15:40:09.988","Mar 9, 2022 @ 15:42:30.218",Karen.Zhang,VERSACE,10.86.3.228,